{"cameraMode":{"drawMode":0,"name":"Shaded","section":"Shading Mode"},"sceneLighting":true,"audioPlay":false,"sceneViewState":{"showFog":true,"showMaterialUpdate":false,"showSkybox":true,"showFlares":true,"showImageEffects":true,"showParticleSystems":true},"in2DMode":false,"pivot":{"x":-22.087186813354493,"y":-1.1626476049423218,"z":2.6219425201416017},"rotation":{"x":-0.04346686974167824,"y":0.6264278292655945,"z":-0.03502142056822777,"w":-0.7774781584739685},"size":22.0,"orthographic":false}