{"cameraMode":{"drawMode":0,"name":"Shaded","section":"Shading Mode"},"sceneLighting":true,"audioPlay":false,"sceneViewState":{"showFog":true,"showMaterialUpdate":false,"showSkybox":true,"showFlares":true,"showImageEffects":true,"showParticleSystems":true},"in2DMode":false,"pivot":{"x":-1.3537721633911133,"y":1.5804970264434815,"z":1.138264775276184},"rotation":{"x":0.0003635087632574141,"y":-0.9743821024894714,"z":0.22489336133003236,"w":0.0015738215297460557},"size":2.0560712814331056,"orthographic":false}