{"cameraMode":{"drawMode":0,"name":"Shaded","section":"Shading Mode"},"sceneLighting":true,"audioPlay":false,"sceneViewState":{"showFog":true,"showMaterialUpdate":false,"showSkybox":true,"showFlares":true,"showImageEffects":true,"showParticleSystems":true},"in2DMode":false,"pivot":{"x":-6.585119724273682,"y":-2.086934804916382,"z":19.540407180786134},"rotation":{"x":-0.06910780072212219,"y":0.06639360636472702,"z":-0.004609080497175455,"w":-0.9953867197036743},"size":28.418365478515626,"orthographic":false}