{"cameraMode":{"drawMode":0,"name":"Shaded","section":"Shading Mode"},"sceneLighting":true,"audioPlay":false,"sceneViewState":{"showFog":true,"showMaterialUpdate":false,"showSkybox":true,"showFlares":true,"showImageEffects":true,"showParticleSystems":true},"in2DMode":false,"pivot":{"x":0.009740915149450302,"y":1.9897171258926392,"z":1.8735313415527344},"rotation":{"x":0.0019725454039871694,"y":-0.9503737688064575,"z":0.006026183255016804,"w":0.3110460340976715},"size":0.25607138872146609,"orthographic":false}